{"cameraMode":{"drawMode":0,"name":"Shaded","section":"Shading Mode"},"sceneLighting":false,"audioPlay":false,"sceneViewState":{"showFog":true,"showMaterialUpdate":false,"showSkybox":true,"showFlares":true,"showImageEffects":true,"showParticleSystems":true},"in2DMode":false,"pivot":{"x":-2.327281951904297,"y":1.6652541160583497,"z":-2.2584807872772219},"rotation":{"x":-0.23794618248939515,"y":-0.18456417322158814,"z":0.04610798507928848,"w":-0.9524675607681274},"size":9.545175552368164,"orthographic":false}